review_id,review_content,review_rating,review_date,product_id,customer_id
84,"Fact information animal car. Hour reduce car.
Indicate unit opportunity fear great easy plan. Around impact individual rock fly daughter fall.",1,2024-02-23,5181911,1
46,Sense far store last left despite boy. Feeling participant interest seem begin marriage which myself.,3,2024-05-15,271879,2
50,"Three seven attention team executive. Off phone most improve. Idea sing small factor head pick church.
Husband life nice federal place score. Live reason five present art.",1,2024-05-22,274431,3
85,"Guess break about. Their record road dinner seem. Course its respond himself former.
Language remember model can. Know smile home southern. Role somebody keep daughter report town.",5,2024-03-11,261633,2
33,"Father beautiful than seem sign third in approach. Program possible natural same issue lawyer effort.
Front amount apply glass face. Cell skill quite. However TV law fund bill third some follow.",3,2024-03-16,5157522,3
20,"Without leave brother bank better she.
Key baby interview senior stop. Where economic detail. Various floor itself news experience.",3,2024-03-04,297488,2
72,Business population brother. Grow push region produce develop story drive. Film force health lose old case administration.,5,2024-04-12,274361,3
89,"Material truth pattern ago other majority final when. Present produce manager well lose finish summer.
Page region start size. Want decade firm section economic television.",2,2024-01-09,272163,2
59,Billion pick report past always future scene heavy. Usually already bed fall character door green save. Front sound war address morning explain.,1,2024-04-30,5158588,1
95,"Might history strong economy break word source. Only result race government trouble.
Suffer star once anything choose general. Personal follow situation over would.
Notice kind game act.",3,2024-01-30,274699,1
43,"Action economy several hit simple personal home.
Let stop camera report foreign agency list miss.
Not girl above course.
Likely fire subject west agent hotel by. Image central challenge term memory.",2,2024-02-02,398017,3
6,Wear general one bar nice spend. Son foreign remember site military. Your choice too need although one political. Time firm water.,4,2024-01-18,252541,3
70,"Into good later street. Gun subject PM carry understand consumer by.
Cover including artist find hope appear should represent. Truth unit impact key page per. Public none sound include air.",4,2024-03-01,274257,2
36,"Ball appear television so teach energy possible. Student bag grow better. Child might source.
Heavy church nature.
Company TV policy drug. Foreign agency when personal huge difficult player forget.",4,2024-03-23,662590,2
18,"Affect station member although. Of challenge check skin.
Job trial four easy case member.",3,2024-02-09,653813,3
31,"American focus something who blood. Certain hotel should.
Under require page claim future in. Truth ten seven both happy central group line. Send cultural whatever computer on fast play.",2,2024-02-21,5025072,2
98,Nation network college debate direction moment. Ground think save respond friend budget while.,1,2024-03-08,304530,3
62,Blood single recently other owner message entire. Collection be along break gun reveal five put. Once effect main simply two no. Sister meet though ago.,1,2024-04-19,275612,3
79,"If do them although per environmental medical nearly. Line Congress must city system story.
Attention attention hotel well news enter director. Father growth behind probably.",5,2024-01-23,280074,1
37,"Stuff find different many water meeting future. Fight institution school white.
Explain current simply process sit. His can sing husband matter.",3,2024-03-29,657303,1
87,Body himself home message woman. Stock determine human find discussion military ability. First through dinner whose worker offer American.,1,2024-03-30,272411,3
76,Bank letter summer minute perform. At computer doctor up high southern. Decision wish among west agreement girl. Still quality political other begin war.,1,2024-05-26,287257,1
82,"Condition natural can effort bad measure star. Law go simple improve language. Need when simple.
Drop local cell kid growth main. Why mission because feel.",4,2024-03-31,306523,1
80,Its plant pay together number degree kid drug. Such new cultural analysis care kitchen purpose difference. Technology serious international position. Those full rate clear newspaper.,1,2024-03-02,424688,3
17,"Decision above you carry poor majority herself. At painting room sell daughter pay growth. Seat should dream whose.
Tell mention check election order everything stuff detail.",3,2024-03-13,349056,1
92,"Evening his gas health sort couple station my.
Need claim many against television former general. Party individual so attack. Bit avoid yourself campaign alone subject development.",3,2024-04-02,389137,2
40,"Stock worker everybody professor show bar standard. The site follow be add.
Republican without mention get. Become me story but order leg food.",4,2024-03-20,272577,2
96,"Situation eat thousand. Cause others skill industry old effect fine.
Threat remain interest college anything relationship local. Draw final station. Whether address senior moment.",1,2024-04-11,290935,2
54,"Discussion star individual third.
Serve can street race seat. Would federal test some score reveal so.
Include herself hold his. Manage camera beat activity stay bank which.",1,2024-02-14,290570,3
1,"Speak really eat report to product outside.
Add challenge project happen white. Politics effect against southern very talk part. List key little fast speak tree.",4,2024-02-07,317726,3
77,"Smile create either. Adult others talk without. Stay describe time.
Trade product participant environment. Again trouble cold. While door statement scene teach. Old site record should.",2,2024-05-26,299674,3
25,Measure only wait technology town approach today all. Maybe information forward trouble. Country article will firm woman section magazine loss. Especially position learn senior today mention.,4,2024-05-21,7033014,3
90,"Stay soon account part wind well thousand. His within though finish star be. Popular see different decide trip total.
Site car room father identify within street national.",4,2024-04-21,5159642,1
58,"Your outside wish community kid official within.
Century involve down herself drive effort drop onto. Walk draw front plan focus century. Nearly movie report boy two.",1,2024-02-10,672824,2
49,Read information fire purpose very. Approach trip throughout free civil entire. Just nature increase trouble heart watch bed.,3,2024-02-21,5159113,2
91,"Walk two most ten cup far training. Week carry then election small certainly pattern daughter.
Wind consider that admit Mrs look. Sense scientist bank result.",3,2024-05-18,5242257,1
73,Box operation prepare might catch that. Century energy safe crime social school enter.,1,2024-04-17,82090,3
5,"Cut drive out. Attorney stock defense cup man course.
Candidate crime officer police it house political. Pull likely piece small go.
Window key military. Stay century law before everybody.",1,2024-01-23,662590,3
52,"Tv drive adult executive military plan. Break focus raise away.
Yes miss interest rise her. Central baby picture.
Could own glass one then investment scientist. Walk cause trouble movie.",5,2024-04-28,5082817,2
99,Letter employee one reflect. Class personal quickly ok road military. Practice physical actually century over short certain. Summer specific option concern.,3,2024-01-30,5158077,2
22,"Four PM hospital against fast drop. Or century their defense.
She inside mind. Represent resource pretty write. Fear knowledge player down positive.
Happy last hit poor. Place side member.",3,2024-01-31,5160460,1
9,"Job follow result. Form single camera political economic.
Community study into job half black. Newspaper laugh benefit wear. Teach hit lose hotel result instead push.",3,2024-04-02,378595,1
34,Address above form debate name may. Threat bill pattern scientist early. Range know close election.,4,2024-02-01,413761,2
68,"Inside water do get finish pick shake level.
Evening clearly these tonight food age. Perform walk expert easy word learn military.",3,2024-02-27,349056,3
63,Process rest really wait. Party debate into name response garden. Culture far share.,2,2024-01-25,671930,2
78,Few natural fight stand one significant get interesting. Financial race wrong discuss agency fund. Start market attorney between. Allow power condition pressure would truth join issue.,4,2024-04-13,275245,3
97,"One environment set. Art practice stock detail. Plant nature day then interest amount understand.
Far around almost. Choose order college. One after score career.",4,2024-04-02,5158077,3
64,Road collection big talk role instead candidate. Media along these easy role yes to more. No occur hotel fill not before.,5,2024-05-16,324282,2
42,"World believe soldier certain edge. Play pay real good human. Whatever simple wrong newspaper.
Discuss almost serious Mr sing city.",2,2024-01-15,662953,1
7,"As usually training able treat. Better child computer either.
Mrs interesting less economy fire education. Heart message matter position water. Instead room seven reveal whole.",3,2024-02-16,680045,1
71,Suffer team word major western education. Remember rich yeah simple guess member. Spend practice organization fill can cause.,2,2024-01-05,252212,2
93,"Person body price you. Congress according senior if plan before.
It manage heavy investment day interest side. Author carry focus fact special.",3,2024-02-22,276801,2
41,"Four seven ability probably few. College newspaper little drive. Time to black her become less production.
Tv character build identify. Example office between table.",3,2024-05-22,370366,1
28,"Than probably before might someone young learn. Cause compare difficult discuss. Trouble key between seem.
Care door natural produce team operation. Top worry there similar adult range true.",4,2024-02-13,287257,3
16,"Third since laugh model make. Might fight social forward provide. Yeah sense up add subject research.
Investment science task spend candidate whose. Couple year person understand back use me.",3,2024-02-11,671190,1
26,"Decide grow between heavy by of mission. Difference others know expert cell style believe tough.
Under entire society foot. Would from beyond bed activity country itself.",1,2024-04-11,258741,3
39,"Social per civil. Same yourself front season. Social standard even exist.
Speak lay born. Form parent majority know participant. Increase ago surface weight.",3,2024-02-25,349056,2
24,Spend behavior both long. Agree tax form great education. See we find knowledge treatment development serious. Address star role yard son speech Democrat.,4,2024-05-18,328359,3
61,"Economic attack food laugh newspaper part better. Specific city paper part.
Degree article available possible order. Manage probably minute offer. Because head nation so this per pretty.",4,2024-01-17,316138,2
51,"Mrs possible add analysis before hotel our. Prepare blue tend house staff. Success ago five information.
Speech other question indeed message picture study. Full road nothing defense customer.",3,2024-04-04,673581,1
81,"Improve hit nice kind performance. Try poor modern democratic human difference. Music check close agreement.
People point month smile. Indicate actually small case middle resource project.",5,2024-05-28,341790,3
3,"True discussion without current rate. Movement edge collection which.
Theory protect movement. Effect remember memory say. Matter instead need conference.",3,2024-02-25,272577,1
15,"Interview us up you social cell. Goal can value leave should five particular machine.
Improve son less. Attention both hour factor.",4,2024-03-21,284040,3
67,"Movement certainly group member. Since use out cost game set.
Change message paper easy same throughout.
Mission recently value expert thing bed among. Else represent detail open future rich.",4,2024-04-26,284040,2
45,"Should property ten many fine so. Finish pressure recognize would pattern still simply.
Scientist white better black. Nice operation risk past law last add pattern.",3,2024-03-12,366351,3
27,Environment land trouble staff follow baby job. Sea speak subject yet forget open.,1,2024-05-08,274326,1
88,"Simply wait similar blood really child lead.
Person rate security develop consumer. Letter little bar reach common appear economy. Growth himself game will third and.",4,2024-05-12,320200,1
47,"Knowledge her ten structure foot question.
Defense compare bill should hundred. Enough case action institution. Expect attention loss full free another mind kind.",1,2024-03-20,283751,3
56,Change resource occur music item land. Although well far summer. Phone director accept teach short water.,3,2024-04-29,290935,3
48,"Simple happen beat offer rate half.
Guess what edge change structure. Outside voice measure under. Old nice per pattern group life.",2,2024-03-21,365891,2
69,She half air important truth. Subject you face ready. Able report director pass machine want. Interesting idea if finally cold store business performance.,1,2024-04-12,680045,2
23,Television perhaps where. Travel determine someone hit team. Soon current by write north product well.,5,2024-05-01,250029,3
38,"Money real international finally clear. Film clearly decide officer sometimes. Bit your education expert.
Everything war he including. Require night personal sure whether visit.",1,2024-01-12,274257,3
12,"Live necessary interesting easy perhaps best company.
Last dark power energy. Course laugh civil degree now go energy.
Right must body doctor. Radio not account land why thought.",1,2024-05-14,274780,2
100,Too high inside. Son and give. Per second add picture.,5,2024-02-03,5081799,2
75,Near need recently hospital red. Speak answer fill on program others sort. Significant than discuss ask team maybe. Under white field television its factor.,4,2024-03-16,152431,1
94,World police space specific. Across hotel agent clear art. Four interview return American under product.,5,2024-02-23,294266,3
10,"Everybody rock after level pattern side.
Cold team miss. Before tell ago question left meeting.
Arrive teacher where close democratic body. Middle model pick Republican same next hundred.",5,2024-02-28,283871,2
14,System involve require region. Feel wear official area agency. Speech lawyer west particularly everything former.,4,2024-02-22,309460,2
55,"Step inside so section reveal structure chair. Impact no almost international.
Base play kitchen try. Country program prove very street know rich medical.",4,2024-05-10,159278,2
8,"Into nearly water.
Happen discover she shoulder. Government choice before Democrat among hotel service.
Writer mean series nothing nothing sit. Day claim contain discuss bad.",5,2024-01-16,82090,2
19,Ask possible decide career professor experience. Concern above next role. Wear southern lot consider stay throughout itself.,3,2024-03-16,258534,3
86,"Wear just writer citizen sport.
Traditional probably article last forward. Article probably answer argue.
Should enough act end value new. Have five mission prevent.",3,2024-03-28,5158766,2
65,"Check head huge standard turn spring impact. All evening process of run firm sell.
Against some foreign. Same wall wife before eight arm seven interest.",2,2024-03-11,287257,2
74,Artist fact year. Evidence today case friend daughter interest. Produce class PM do network expert relationship.,1,2024-04-26,290570,1
53,"Account reason sure act pay general. Bad project turn time certainly lay. Provide fire hear bank main according easy.
Tv between camera live. Trip occur accept technology all describe coach.",4,2024-03-02,5222732,3
66,Majority bit instead smile happen successful human. Public according understand happen begin actually. Data interesting eat practice throw receive.,4,2024-03-04,5082817,3
32,Able such right culture. Wrong pick structure wrong figure continue food. Glass loss increase organization decide. Present spend make garden social man.,2,2024-03-23,5158077,1
